City_ID,City,Country,Date,Lat,Lng,Max Temp,Humidity,Cloudiness,Wind Speed
0,Mataura,NZ,2022-10-05 22:03:29,-46.1927,168.8643,37.47,96,100,9.95
1,Constitucion,CL,2022-10-05 22:03:30,-35.3333,-72.4167,54.72,76,17,10.27
2,Opuwo,NA,2022-10-05 22:01:11,-18.0607,13.84,71.64,29,2,5.68
3,Vaini,TO,2022-10-05 22:03:31,-21.2,-175.2,76.5,86,100,13.02
4,Cape Town,ZA,2022-10-05 22:01:24,-33.9258,18.4232,59.38,69,1,3.0
5,Airai,TL,2022-10-05 22:03:32,-8.9266,125.4092,60.12,81,92,2.75
6,Khatanga,RU,2022-10-05 22:03:32,71.9667,102.5,3.06,100,87,2.17
7,Nikolskoye,RU,2022-10-05 22:03:32,59.7035,30.7861,48.09,96,95,5.99
8,Adrar,MR,2022-10-05 22:03:33,20.5022,-10.0711,92.53,14,4,10.63
9,Puerto Ayora,EC,2022-10-05 22:03:33,-0.7393,-90.3518,69.55,86,73,4.0
10,Punta Arenas,CL,2022-10-05 22:01:58,-53.15,-70.9167,51.12,67,100,12.15
11,Busselton,AU,2022-10-05 22:03:34,-33.65,115.3333,48.61,65,9,8.12
12,Butaritari,KI,2022-10-05 22:03:34,3.0707,172.7902,82.22,70,19,16.55
13,Pinega,RU,2022-10-05 22:03:35,64.7001,43.3936,45.14,95,100,3.27
14,Albany,US,2022-10-05 22:00:36,42.6001,-73.9662,61.52,85,86,2.39
15,Sao Filipe,CV,2022-10-05 22:03:36,14.8961,-24.4956,79.38,82,43,7.85
16,Hofn,IS,2022-10-05 22:03:36,64.2539,-15.2082,43.05,58,5,11.88
17,Atuona,PF,2022-10-05 22:02:55,-9.8,-139.0333,77.04,75,6,17.36
18,Rock Springs,US,2022-10-05 22:03:37,41.5875,-109.2029,68.23,33,0,6.91
19,Miltenberg,DE,2022-10-05 22:03:37,49.7039,9.2644,63.05,83,52,1.01
20,Hambantota,LK,2022-10-05 22:03:38,6.1241,81.1185,77.34,94,20,3.44
21,Zlobin,HR,2022-10-05 22:03:38,45.2924,14.6541,52.59,89,0,0.0
22,Castro,BR,2022-10-05 22:03:38,-24.7911,-50.0119,64.63,84,100,4.76
23,Ahipara,NZ,2022-10-05 22:03:39,-35.1667,173.1667,52.72,66,99,18.39
24,Hithadhoo,MV,2022-10-05 22:03:38,-0.6,73.0833,81.95,75,100,20.04
25,Zeya,RU,2022-10-05 22:03:39,53.75,127.2667,25.86,66,45,4.23
26,Thompson,CA,2022-10-05 21:59:16,55.7435,-97.8558,32.16,80,75,12.66
27,Rikitea,PF,2022-10-05 22:03:40,-23.1203,-134.9692,68.79,66,17,20.94
28,Ust-Nera,RU,2022-10-05 22:03:40,64.5667,143.2,9.03,95,100,2.84
29,Darlowo,PL,2022-10-05 22:00:50,54.421,16.4107,57.16,71,8,17.63
30,Ovre Ardal,NO,2022-10-05 22:03:41,61.3167,7.8,42.57,98,96,6.69
31,Santa Rosa,PH,2022-10-05 22:03:41,14.3122,121.1114,80.1,87,99,6.55
32,Bredasdorp,ZA,2022-10-05 22:03:42,-34.5322,20.0403,50.7,92,1,6.11
33,Iwaki,JP,2022-10-05 22:03:42,37.05,140.8833,57.02,74,100,1.01
34,Xining,CN,2022-10-05 22:03:43,36.6167,101.7667,42.17,92,100,2.68
35,Mayo,US,2022-10-05 22:02:01,38.8876,-76.5119,65.1,92,100,0.0
36,Chuy,UY,2022-10-05 22:03:44,-33.6971,-53.4616,59.07,80,92,11.86
37,Jamestown,US,2022-10-05 22:03:44,42.097,-79.2353,64.04,44,0,5.75
38,Port Alfred,ZA,2022-10-05 22:03:44,-33.5906,26.891,64.62,84,97,12.95
39,Katsuura,JP,2022-10-05 22:03:45,35.1333,140.3,59.02,86,100,22.06
40,Faya,SA,2022-10-05 22:03:45,18.3851,42.4509,64.42,31,36,5.95
41,Haikou,CN,2022-10-05 22:03:46,20.0458,110.3417,78.44,87,11,8.59
42,Bluff,NZ,2022-10-05 22:03:46,-46.6,168.3333,37.8,65,96,22.59
43,Lompoc,US,2022-10-05 22:03:47,34.6391,-120.4579,76.84,72,20,9.22
44,Jarocin,PL,2022-10-05 22:04:47,51.9727,17.5026,54.07,70,82,11.25
45,Bambous Virieux,MU,2022-10-05 22:04:47,-20.3428,57.7575,69.22,69,61,13.02
46,Almunecar,ES,2022-10-05 22:04:48,36.7339,-3.6907,72.68,87,40,4.41
47,Anadyr,RU,2022-10-05 22:04:48,64.75,177.4833,43.3,93,75,26.84
48,Batagay-Alyta,RU,2022-10-05 22:04:49,67.8006,130.4114,17.44,95,100,4.85
49,Nanortalik,GL,2022-10-05 22:04:49,60.1432,-45.2371,37.56,87,66,14.65
50,Avarua,CK,2022-10-05 22:04:50,-21.2078,-159.775,78.85,69,20,21.85
51,Talnakh,RU,2022-10-05 22:04:50,69.4865,88.3972,23.5,96,93,2.37
52,Hovd,MN,2022-10-05 22:04:50,48.0056,91.6419,38.48,30,72,5.91
53,Antoing,BE,2022-10-05 22:04:51,50.556,3.4653,59.5,74,73,16.17
54,Saldanha,ZA,2022-10-05 22:04:51,-33.0117,17.9442,56.77,77,0,5.55
55,Vung Tau,VN,2022-10-05 22:04:52,10.346,107.0843,79.81,82,100,8.61
56,Doha,QA,2022-10-05 22:04:52,25.2867,51.5333,89.58,60,0,9.22
57,Ushuaia,AR,2022-10-05 22:02:50,-54.8,-68.3,43.48,88,100,3.49
58,Bachaquero,VE,2022-10-05 22:04:53,9.9694,-71.1494,84.43,72,100,0.83
59,Sheopur,IN,2022-10-05 22:04:53,25.6667,76.7,75.36,89,77,5.28
60,Yellowknife,CA,2022-10-05 22:00:32,62.456,-114.3525,37.56,64,6,13.0
61,Koslan,RU,2022-10-05 22:04:53,63.4564,48.8989,42.8,94,100,4.03
62,Samarai,PG,2022-10-05 22:04:54,-10.6167,150.6667,82.08,80,58,10.2
63,Carnarvon,AU,2022-10-05 22:03:10,-24.8667,113.6333,61.59,60,25,23.49
64,Dikson,RU,2022-10-05 22:04:54,73.5069,80.5464,30.15,78,94,8.57
65,Hobart,AU,2022-10-05 22:04:55,-42.8794,147.3294,53.26,74,75,6.91
66,Hilo,US,2022-10-05 22:03:24,19.7297,-155.09,89.28,88,27,3.0
67,Lakes Entrance,AU,2022-10-05 22:04:56,-37.8811,147.981,53.17,94,100,17.96
68,Marandahalli,IN,2022-10-05 22:04:56,12.4,78.0,70.54,89,100,4.23
69,Barrow,US,2022-10-05 22:04:57,71.2906,-156.7887,35.62,80,100,18.41
70,Florence,IT,2022-10-05 22:04:57,43.7667,11.25,65.88,89,0,3.44
71,Hamakita,JP,2022-10-05 22:04:57,34.8,137.7833,62.74,92,100,4.23
72,Andenes,NO,2022-10-05 22:04:58,69.3143,16.1194,46.38,12,100,16.11
73,Northam,GB,2022-10-05 22:04:58,51.0333,-4.2167,56.25,73,1,20.67
74,Mackay,AU,2022-10-05 22:04:59,-21.15,149.2,72.68,77,24,12.97
75,Severo-Kurilsk,RU,2022-10-05 22:04:59,50.6789,156.125,44.33,58,61,15.9
76,Eydhafushi,MV,2022-10-05 22:04:59,5.1033,73.0708,81.37,78,100,18.54
77,New Norfolk,AU,2022-10-05 22:05:00,-42.7826,147.0587,52.92,63,100,3.0
78,Angoche,MZ,2022-10-05 22:05:00,-16.2325,39.9086,73.04,86,0,6.67
79,Podyuga,RU,2022-10-05 22:05:01,61.095,40.8647,46.29,98,100,0.65
80,Salalah,OM,2022-10-05 22:05:01,17.0151,54.0924,78.89,83,20,3.44
81,Havre,FR,2022-10-05 22:05:01,49.5833,0.3333,58.77,67,75,20.71
82,Gizo,SB,2022-10-05 22:05:02,-8.103,156.8419,83.08,71,75,8.14
83,Lugoba,TZ,2022-10-05 22:05:02,-6.45,38.3333,68.27,90,43,1.5
84,Mount Isa,AU,2022-10-05 22:05:03,-20.7333,139.5,73.17,94,39,5.75
85,Ketchikan,US,2022-10-05 22:05:04,55.3422,-131.6461,57.67,94,100,13.8
86,Savannah Bight,HN,2022-10-05 22:05:04,16.45,-85.85,78.93,83,100,13.44
87,Harqalah,TN,2022-10-05 22:05:05,36.0303,10.509,75.06,69,40,5.75
88,Padang,ID,2022-10-05 22:00:29,-0.9492,100.3543,75.25,88,100,5.75
89,Bethel,US,2022-10-05 22:05:05,41.3712,-73.414,60.89,86,100,4.61
90,Basco,PH,2022-10-05 22:05:06,20.4487,121.9702,82.45,78,26,17.96
91,Vawkavysk,BY,2022-10-05 22:05:07,53.1561,24.4513,49.5,83,100,9.44
92,Ubinskoye,RU,2022-10-05 22:05:07,55.3068,79.6802,42.37,97,100,4.03
93,Sidrolandia,BR,2022-10-05 22:02:18,-20.9319,-54.9614,82.35,50,15,4.36
94,Kodiak,US,2022-10-05 22:06:08,57.79,-152.4072,54.91,88,100,12.66
95,Provideniya,RU,2022-10-05 22:04:49,64.3833,-173.3,39.36,100,100,27.0
96,Tiksi,RU,2022-10-05 22:06:08,71.6872,128.8694,22.32,81,97,18.23
97,Port Elizabeth,ZA,2022-10-05 22:06:04,-33.918,25.5701,60.31,87,97,8.01
98,Mangit,UZ,2022-10-05 22:06:09,40.5971,70.9607,60.85,22,99,1.95
99,Hermanus,ZA,2022-10-05 22:06:09,-34.4187,19.2345,49.8,83,0,13.89
100,Yelan-Kolenovskiy,RU,2022-10-05 22:06:10,51.1632,41.151,44.96,90,44,10.58
101,Sitka,US,2022-10-05 22:06:10,57.0531,-135.33,60.69,88,100,4.61
102,Ilo,PE,2022-10-05 22:06:11,-17.6394,-71.3375,61.3,72,9,8.84
103,Kapaa,US,2022-10-05 22:06:01,22.0752,-159.319,84.18,67,0,11.5
104,Nileshwar,IN,2022-10-05 22:06:12,12.25,75.1,78.15,85,100,7.07
105,Diego De Almagro,CL,2022-10-05 22:06:12,-26.3667,-70.05,61.5,25,0,7.4
106,Mpika,ZM,2022-10-05 22:06:13,-11.8343,31.4529,62.56,39,11,4.97
107,Dhidhdhoo,MV,2022-10-05 22:06:13,6.8833,73.1,80.89,79,100,17.65
108,Nong Khai,TH,2022-10-05 22:06:13,17.9167,103.0833,74.28,97,100,4.23
109,Maniitsoq,GL,2022-10-05 22:06:14,65.4167,-52.9,33.26,62,44,7.23
110,San Nicolas,PH,2022-10-05 22:06:14,18.1725,120.5953,76.91,100,20,2.3
111,Mahebourg,MU,2022-10-05 22:03:08,-20.4081,57.7,69.26,69,56,12.95
112,Arraial Do Cabo,BR,2022-10-05 22:02:57,-22.9661,-42.0278,69.73,85,49,12.39
113,Marienburg,PL,2022-10-05 22:06:15,54.0359,19.0266,53.89,76,59,10.58
114,Hammerfest,NO,2022-10-05 22:06:15,70.6634,23.6821,43.25,75,75,13.8
115,Tuktoyaktuk,CA,2022-10-05 22:06:16,69.4541,-133.0374,34.81,89,100,9.91
116,Tuatapere,NZ,2022-10-05 22:06:16,-46.1333,167.6833,40.82,82,100,15.48
117,Stornoway,GB,2022-10-05 22:06:17,58.2093,-6.3865,49.96,89,75,24.16
118,Upernavik,GL,2022-10-05 22:06:07,72.7868,-56.1549,18.5,81,57,4.05
119,Rovaniemi,FI,2022-10-05 22:06:18,66.5,25.7167,44.01,100,100,10.36
120,Marystown,CA,2022-10-05 22:06:18,47.1666,-55.1483,50.77,79,30,6.58
121,Cabedelo,BR,2022-10-05 22:06:18,-6.9811,-34.8339,77.67,86,1,9.93
122,Nichinan,JP,2022-10-05 22:06:19,31.6,131.3667,73.08,82,87,8.16
123,Chabahar,IR,2022-10-05 22:06:19,25.2919,60.643,80.31,76,0,3.65
124,Lebu,CL,2022-10-05 22:06:20,-37.6167,-73.65,53.51,76,100,9.98
125,Bubaque,GW,2022-10-05 22:06:20,11.2833,-15.8333,82.18,79,21,10.76
126,Dom Pedro,BR,2022-10-05 22:01:50,-4.4833,-44.45,90.39,30,53,3.44
127,Mangan,IN,2022-10-05 22:06:21,27.5167,88.5333,72.18,84,100,1.97
128,Awjilah,LY,2022-10-05 22:06:21,29.1081,21.2869,77.14,40,2,7.09
129,La Ronge,CA,2022-10-05 22:03:00,55.1001,-105.2842,42.94,35,0,7.54
130,Yichang,CN,2022-10-05 22:06:22,30.7144,111.2847,51.12,81,100,0.87
131,Las Vegas,US,2022-10-05 22:02:17,36.175,-115.1372,92.26,16,0,4.61
132,Korla,CN,2022-10-05 22:06:23,41.7597,86.1469,53.69,35,0,4.56
133,Mumbwa,ZM,2022-10-05 22:06:23,-14.9783,27.0619,73.89,22,3,9.42
134,Ambilobe,MG,2022-10-05 22:06:23,-13.2,49.05,67.05,79,1,3.2
135,Faanui,PF,2022-10-05 22:06:24,-16.4833,-151.75,78.1,73,38,25.55
136,Darapidap,PH,2022-10-05 22:06:24,17.2131,120.4114,77.31,83,86,4.09
137,Calabozo,VE,2022-10-05 22:06:25,8.9242,-67.4293,84.49,66,62,3.87
138,Shatoy,RU,2022-10-05 22:06:25,42.8714,45.6886,59.5,88,85,2.48
139,Coquimbo,CL,2022-10-05 22:07:26,-29.9533,-71.3436,58.73,77,20,10.36
140,Ribeira Grande,PT,2022-10-05 22:07:26,38.5167,-28.7,70.97,79,98,6.11
141,Aklavik,CA,2022-10-05 22:07:26,68.2191,-135.0107,34.16,94,100,6.51
142,Kargasok,RU,2022-10-05 22:07:27,59.0556,80.8572,38.07,77,100,6.85
143,Lorengau,PG,2022-10-05 22:07:27,-2.0226,147.2712,84.22,70,65,12.28
144,Mehamn,NO,2022-10-05 22:07:28,71.0357,27.8492,42.71,81,40,17.27
145,Tabuk,PH,2022-10-05 22:07:28,17.4189,121.4443,72.99,94,99,2.08
146,Pedernales,DO,2022-10-05 22:07:29,18.0384,-71.744,82.63,76,66,2.46
147,Saskylakh,RU,2022-10-05 22:07:29,71.9167,114.0833,4.98,99,85,4.9
148,Yumen,CN,2022-10-05 22:07:30,40.2833,97.2,40.41,58,5,4.25
149,Amboise,FR,2022-10-05 22:07:16,47.4125,0.9827,57.74,89,100,8.05
150,Shellbrook,CA,2022-10-05 22:07:30,53.2168,-106.4011,50.76,30,73,9.95
151,Roblin,CA,2022-10-05 22:07:31,51.23,-101.3565,45.0,49,99,16.75
152,Vila Velha,BR,2022-10-05 22:07:31,-20.3297,-40.2925,75.15,88,40,4.61
153,San Patricio,US,2022-10-05 22:07:32,28.017,-97.5169,89.19,35,63,12.86
154,Nouakchott,MR,2022-10-05 22:07:32,18.0858,-15.9785,94.93,67,72,9.24
155,Paamiut,GL,2022-10-05 22:04:32,61.994,-49.6678,37.26,86,83,9.26
156,Georgetown,MY,2022-10-05 22:06:24,5.4112,100.3354,77.9,94,20,0.0
157,Stykkisholmur,IS,2022-10-05 22:07:33,65.0757,-22.7297,41.99,78,100,6.96
158,Corbi,RO,2022-10-05 22:07:34,45.2833,24.8,46.36,49,70,5.21
159,Podosinovets,RU,2022-10-05 22:07:34,60.2776,47.0659,45.23,95,97,6.93
160,Russell,US,2022-10-05 22:07:35,32.3502,-85.1999,81.68,24,0,5.75
161,Husavik,IS,2022-10-05 22:05:43,66.0449,-17.3389,37.44,98,100,30.15
162,Mazyr,BY,2022-10-05 22:07:35,52.0495,29.2456,49.01,88,100,8.37
163,Shingu,JP,2022-10-05 22:04:31,33.7333,135.9833,65.26,73,98,5.12
164,Pierre,US,2022-10-05 22:07:36,44.3683,-100.351,76.12,47,0,10.36
165,Vallenar,CL,2022-10-05 22:02:37,-28.5708,-70.7581,63.32,46,2,6.73
166,Ormara,PK,2022-10-05 22:07:36,25.2088,64.6357,78.26,85,1,6.69
167,Qaanaaq,GL,2022-10-05 22:07:37,77.484,-69.3632,6.28,71,38,7.74
168,Waipawa,NZ,2022-10-05 22:07:37,-41.4122,175.5153,37.89,85,94,19.64
169,Nyimba,ZM,2022-10-05 22:07:38,-14.5566,30.8149,76.44,23,1,7.27
170,Smithers,CA,2022-10-05 22:07:38,54.7804,-127.1743,65.23,68,62,2.28
171,Quatre Cocos,MU,2022-10-05 22:07:39,-20.2078,57.7625,69.1,69,79,13.33
172,Bengkulu,ID,2022-10-05 22:07:39,-3.8004,102.2655,75.9,85,100,4.36
173,Bonavista,CA,2022-10-05 22:07:39,48.6499,-53.1147,56.35,73,6,11.61
174,Paracuru,BR,2022-10-05 22:07:40,-3.41,-39.0306,80.11,84,8,15.01
175,Ponta Do Sol,PT,2022-10-05 22:07:40,32.6667,-17.1,70.43,75,98,5.88
176,Norman Wells,CA,2022-10-05 22:07:41,65.282,-126.8329,45.39,68,87,10.8
177,Gushikawa,JP,2022-10-05 22:07:41,26.3544,127.8686,78.03,83,52,11.14
178,Urucara,BR,2022-10-05 22:07:41,-2.5364,-57.76,83.41,59,88,2.26
179,Road Town,VG,2022-10-05 22:07:42,18.4167,-64.6167,84.29,79,40,8.05
180,Xiongzhou,CN,2022-10-05 22:07:42,25.1167,114.3,69.4,84,51,4.03
181,Baculin,PH,2022-10-05 22:08:43,7.4525,126.5842,77.97,86,96,4.05
182,Makat,KZ,2022-10-05 22:08:43,47.6469,53.3463,59.11,24,60,18.34
183,Longyearbyen,SJ,2022-10-05 22:08:44,78.2186,15.6401,40.84,70,40,18.41
184,Tasiilaq,GL,2022-10-05 22:08:44,65.6145,-37.6368,32.16,55,69,5.66
185,Vieste,IT,2022-10-05 22:08:45,41.8825,16.175,65.05,61,100,5.37
186,Port Hedland,AU,2022-10-05 22:08:45,-20.3167,118.5667,62.65,94,1,3.44
187,Bonnyville,CA,2022-10-05 22:08:45,54.2668,-110.735,51.1,38,100,7.92
188,Camana,PE,2022-10-05 22:08:46,-16.6228,-72.7111,62.04,75,62,9.95
189,Kavaratti,IN,2022-10-05 22:04:25,10.5669,72.642,80.8,79,75,15.93
190,Palmer,US,2022-10-05 22:04:22,42.1584,-72.3287,60.17,86,100,3.44
191,Saint-Philippe,RE,2022-10-05 22:06:53,-21.3585,55.7679,69.39,79,44,9.73
192,Adre,TD,2022-10-05 22:08:47,13.4667,22.2,78.75,45,48,5.57
193,Leningradskiy,RU,2022-10-05 22:08:47,69.3833,178.4167,27.95,91,100,8.68
194,Cayenne,GF,2022-10-05 22:08:48,4.9333,-52.3333,82.44,78,0,5.75
195,Mount Gambier,AU,2022-10-05 22:08:48,-37.8333,140.7667,57.11,100,100,13.8
196,Poum,NC,2022-10-05 22:08:48,-20.2333,164.0167,73.67,62,71,8.95
197,Orebro,SE,2022-10-05 22:08:49,59.2741,15.2066,60.98,82,75,19.57
198,Zheleznogorsk-Ilimskiy,RU,2022-10-05 22:08:49,56.5768,104.1217,27.59,95,97,3.4
199,Port Augusta,AU,2022-10-05 22:08:50,-32.5,137.7667,65.97,58,0,4.38
200,Loei,TH,2022-10-05 22:08:50,17.4167,101.5,63.84,96,92,1.25
201,Buala,SB,2022-10-05 22:08:50,-8.145,159.5921,83.62,60,94,9.42
202,Newport,GB,2022-10-05 22:05:16,51.5877,-2.9984,56.44,76,0,16.93
203,Ostrovnoy,RU,2022-10-05 22:08:51,68.0531,39.5131,47.23,90,99,10.76
204,Kota,IN,2022-10-05 22:08:51,25.1833,75.8333,78.01,84,99,3.36
205,Port Lincoln,AU,2022-10-05 22:08:52,-34.7333,135.8667,56.8,83,1,8.01
206,Darnah,LY,2022-10-05 22:08:52,32.767,22.6367,71.98,68,5,6.22
207,Esperance,AU,2022-10-05 22:08:52,-33.8667,121.9,52.0,67,79,17.96
208,Terrace,CA,2022-10-05 22:07:23,54.5163,-128.6035,58.91,94,75,2.3
209,Egvekinot,RU,2022-10-05 22:08:53,66.3167,-179.1667,34.79,99,100,17.31
210,Juneau,US,2022-10-05 22:05:56,58.3019,-134.4197,60.8,86,100,11.5
211,Amuntai,ID,2022-10-05 22:08:54,-2.4177,115.2494,72.93,98,96,1.86
212,Mujiayingzi,CN,2022-10-05 22:08:54,42.1167,118.7833,34.75,31,100,1.86
213,Henderson,US,2022-10-05 22:04:00,36.0397,-114.9819,92.82,17,0,10.36
214,Pangnirtung,CA,2022-10-05 22:08:55,66.1451,-65.7125,31.19,95,100,3.38
215,Marakkanam,IN,2022-10-05 22:08:55,12.2,79.95,78.96,82,97,9.19
216,San Quintin,MX,2022-10-05 22:08:56,30.4833,-115.95,72.27,73,19,10.25
217,Port-Gentil,GA,2022-10-05 22:08:56,-0.7193,8.7815,78.76,83,40,11.5
218,Lavrentiya,RU,2022-10-05 22:08:56,65.5833,-171.0,38.66,89,100,27.36
219,Fukue,JP,2022-10-05 22:08:57,32.6881,128.8419,69.3,73,99,16.55
220,Necochea,AR,2022-10-05 22:08:57,-38.5473,-58.7368,54.37,88,100,12.21
221,Araouane,ML,2022-10-05 22:08:58,18.9048,-3.5265,96.75,18,46,4.32
222,Victoria,HK,2022-10-05 22:04:52,22.2855,114.1577,82.45,80,62,8.99
223,Beira,MZ,2022-10-05 22:08:58,-19.8436,34.8389,74.07,90,0,7.43
224,Contamana,PE,2022-10-05 22:08:59,-7.3333,-75.0167,96.33,33,100,4.63
225,Kaitangata,NZ,2022-10-05 22:08:59,-46.2817,169.8464,37.78,94,100,13.35
226,Gladstone,AU,2022-10-05 22:08:59,-23.85,151.25,70.79,64,100,9.22
227,Bathsheba,BB,2022-10-05 22:09:00,13.2167,-59.5167,79.41,89,75,16.11
228,East London,ZA,2022-10-05 22:10:00,-33.0153,27.9116,65.23,84,100,7.31
229,Ashcroft,CA,2022-10-05 22:10:01,50.7165,-121.2859,82.47,29,16,2.1
230,Lazaro Cardenas,MX,2022-10-05 22:10:02,17.9583,-102.2,83.5,75,9,6.89
231,Karratha,AU,2022-10-05 22:10:03,-20.7377,116.8463,70.88,46,10,13.22
232,Netivot,IL,2022-10-05 22:10:04,31.4222,34.5886,67.6,73,0,5.3
233,Chokurdakh,RU,2022-10-05 22:10:04,70.6333,147.9167,16.05,97,93,5.19
234,Ucluelet,CA,2022-10-05 22:10:05,48.9329,-125.5528,67.08,83,60,3.0
235,Acaxochitlan,MX,2022-10-05 22:10:06,20.1667,-98.2,55.94,96,94,4.99
236,Komsomolskiy,UZ,2022-10-05 22:10:06,40.4272,71.7189,52.52,43,91,6.91
237,Kruisfontein,ZA,2022-10-05 22:08:48,-34.0033,24.7314,53.89,85,88,3.65
238,Copiapo,CL,2022-10-05 22:10:07,-27.3667,-70.3333,56.89,44,0,6.58
239,Manacapuru,BR,2022-10-05 22:10:08,-3.2997,-60.6206,86.45,54,100,3.11
240,Beloha,MG,2022-10-05 22:10:08,-25.1667,45.05,67.84,84,0,4.63
241,Kavieng,PG,2022-10-05 22:10:08,-2.5744,150.7967,83.8,72,97,13.71
242,Tura,IN,2022-10-05 22:10:09,25.5198,90.2201,71.26,97,94,3.2
243,Svetlaya,RU,2022-10-05 22:07:19,46.5389,138.3297,38.16,58,4,9.8
244,Ust-Maya,RU,2022-10-05 22:10:10,60.4167,134.5333,21.87,88,92,5.64
245,Aswan,EG,2022-10-05 22:10:10,24.0934,32.907,90.18,24,58,13.09
246,Meulaboh,ID,2022-10-05 22:07:17,4.1363,96.1285,74.03,92,100,2.48
247,Surt,LY,2022-10-05 22:10:11,31.2089,16.5887,75.69,62,1,13.15
248,Shimoda,JP,2022-10-05 22:10:12,34.6667,138.95,58.1,91,100,17.67
249,Mar Del Plata,AR,2022-10-05 22:09:18,-38.0023,-57.5575,59.02,88,0,12.66
250,Kiunga,PG,2022-10-05 22:10:12,-6.1219,141.2906,75.79,99,100,0.89
251,Rodrigues Alves,BR,2022-10-05 22:10:13,-7.738,-72.6509,89.28,52,62,1.39
252,Lubumbashi,CD,2022-10-05 22:06:36,-11.6609,27.4794,65.3,20,3,4.03
253,Ngunguru,NZ,2022-10-05 22:10:14,-35.6167,174.5,53.15,64,77,18.86
254,Gorontalo,ID,2022-10-05 22:10:14,0.5412,123.0595,74.39,94,100,1.92
255,Cabo San Lucas,MX,2022-10-05 22:05:19,22.8909,-109.9124,88.9,58,0,3.44
256,Tabou,CI,2022-10-05 22:10:15,4.423,-7.3528,76.03,92,93,6.13
257,Brigantine,US,2022-10-05 22:10:16,39.4101,-74.3646,61.05,91,100,8.05
258,Richards Bay,ZA,2022-10-05 22:10:17,-28.783,32.0377,70.57,91,54,7.99
259,Menongue,AO,2022-10-05 22:10:17,-14.6585,17.691,67.87,21,69,4.81
260,Murupara,NZ,2022-10-05 22:10:18,-38.4667,176.7,41.32,82,62,4.83
261,Riyadh,SA,2022-10-05 22:07:38,24.6877,46.7219,80.74,15,0,4.36
262,Matagami,CA,2022-10-05 22:09:35,49.7502,-77.6328,59.11,94,100,5.75
263,Antigonish,CA,2022-10-05 22:07:21,45.6169,-61.9986,58.82,86,100,3.0
264,Wad Madani,SD,2022-10-05 22:10:19,14.4012,33.5199,83.98,54,62,12.88
265,Altay,CN,2022-10-05 22:10:20,47.8667,88.1167,37.22,44,12,2.64
266,Arlit,NE,2022-10-05 22:10:20,18.7369,7.3853,92.68,15,8,13.8
267,Luderitz,NA,2022-10-05 22:08:20,-26.6481,15.1594,55.54,76,10,15.43
268,Geraldton,AU,2022-10-05 22:05:44,-28.7667,114.6,48.61,87,87,5.75
269,Clyde River,CA,2022-10-05 22:10:21,70.4692,-68.5914,25.54,79,100,18.21
270,Narsaq,GL,2022-10-05 22:10:22,60.9167,-46.05,39.42,89,99,10.2
271,Mugur-Aksy,RU,2022-10-05 22:11:22,50.35,90.5,29.14,80,64,6.17
272,Trinidad,BO,2022-10-05 22:11:22,-14.8333,-64.9,89.58,55,100,6.91
273,Mercedes,AR,2022-10-05 22:11:23,-34.6515,-59.4307,69.04,36,99,9.42
274,Huoqiu,CN,2022-10-05 22:11:24,32.3394,116.2694,51.48,94,100,9.66
275,Fort Nelson,CA,2022-10-05 22:11:24,58.8053,-122.7002,59.67,41,63,3.11
276,Grand Gaube,MU,2022-10-05 22:11:25,-20.0064,57.6608,69.39,73,82,3.0
277,Rabo De Peixe,PT,2022-10-05 22:11:25,37.8,-25.5833,71.28,93,75,4.61
278,Manokwari,ID,2022-10-05 22:11:26,-0.8667,134.0833,79.39,73,100,2.35
279,Yulara,AU,2022-10-05 22:11:26,-25.2406,130.9889,69.24,27,0,2.53
280,Klaksvik,FO,2022-10-05 22:11:26,62.2266,-6.589,47.32,78,54,32.01
281,Birakan,RU,2022-10-05 22:11:27,49.0167,131.7,26.2,69,31,4.88
282,Bichena,ET,2022-10-05 22:11:27,10.45,38.2,50.9,74,24,4.97
283,Moisei,RO,2022-10-05 22:11:28,47.6556,24.5401,42.87,93,100,1.34
284,Oxford,GB,2022-10-05 22:11:28,51.7522,-1.256,52.75,81,0,9.22
285,Byron Bay,AU,2022-10-05 22:07:34,-28.65,153.6167,61.95,84,100,1.61
286,Seoul,KR,2022-10-05 22:10:08,37.5683,126.9778,58.39,73,96,3.09
287,Herat,AF,2022-10-05 22:11:29,34.5,62.0,54.68,16,0,11.39
288,Mogadishu,SO,2022-10-05 22:11:29,2.0371,45.3438,77.72,84,69,12.97
289,Sydney,AU,2022-10-05 22:07:35,-33.8679,151.2073,60.58,92,75,20.71
290,Pitimbu,BR,2022-10-05 22:11:30,-7.4706,-34.8086,77.59,84,0,10.31
291,Portland,US,2022-10-05 22:09:17,45.5234,-122.6762,79.0,66,40,3.44
292,Kilindoni,TZ,2022-10-05 22:11:30,-7.9139,39.6668,75.83,71,14,14.61
293,Sur,OM,2022-10-05 22:11:31,22.5667,59.5289,80.96,60,0,8.23
294,Saint George,US,2022-10-05 22:11:31,37.1041,-113.5841,88.43,20,0,5.01
295,Saint Anthony,US,2022-10-05 22:11:32,45.0205,-93.218,72.93,63,0,8.05
296,Matara,LK,2022-10-05 22:11:32,5.9485,80.5353,76.46,90,100,11.97
297,Turayf,SA,2022-10-05 22:11:33,31.6725,38.6637,77.88,27,2,11.86
298,Vardo,NO,2022-10-05 22:11:33,70.3705,31.1107,42.78,81,75,14.97
299,Grindavik,IS,2022-10-05 22:10:00,63.8424,-22.4338,43.27,75,0,3.44
300,Key Biscayne,US,2022-10-05 22:11:34,25.6937,-80.1628,83.01,68,75,6.91
301,San Juan,AR,2022-10-05 22:11:34,-31.5375,-68.5364,60.75,45,100,7.23
302,Asahi,JP,2022-10-05 22:11:34,35.7167,140.65,61.27,71,100,19.48
303,Andros Town,BS,2022-10-05 22:11:35,24.7,-77.7667,82.36,68,76,11.79
304,Iqaluit,CA,2022-10-05 22:11:35,63.7506,-68.5145,33.53,93,100,9.22
305,Porto Novo,BJ,2022-10-05 22:11:36,6.4965,2.6036,76.8,89,35,6.04
306,Emerald,AU,2022-10-05 22:11:36,-23.5333,148.1667,67.33,78,19,14.5
307,Caravelas,BR,2022-10-05 22:11:23,-17.7125,-39.2481,75.61,81,86,10.02
308,La Pintada,CO,2022-10-05 22:11:37,5.7487,-75.6063,81.63,92,95,1.01
309,Los Llanos De Aridane,ES,2022-10-05 22:11:38,28.6585,-17.9182,73.13,80,91,11.5
310,Jizan,SA,2022-10-05 22:11:38,17.3333,42.6667,86.65,66,58,0.98
311,Lander,US,2022-10-05 22:11:39,42.833,-108.7307,68.81,29,0,0.0
312,Kuvandyk,RU,2022-10-05 22:11:39,51.4781,57.3552,50.14,25,100,5.79
313,Ilulissat,GL,2022-10-05 22:11:39,69.2167,-51.1,24.82,68,75,0.0
314,Cascais,PT,2022-10-05 22:11:40,38.6979,-9.4215,68.97,87,0,23.0
315,Nyrob,RU,2022-10-05 22:11:40,60.733,56.7202,43.3,72,100,7.47
316,Plettenberg Bay,ZA,2022-10-05 22:11:40,-34.0527,23.3716,54.52,87,74,4.25
317,Nyurba,RU,2022-10-05 22:12:41,63.2842,118.3319,28.27,95,100,9.46
318,Sechura,PE,2022-10-05 22:12:41,-5.5569,-80.8222,71.42,59,12,18.95
319,Gwanda,ZW,2022-10-05 22:12:42,-20.9333,29.0,69.55,38,0,6.64
320,Walvis Bay,NA,2022-10-05 22:08:02,-22.9575,14.5053,54.41,89,1,10.22
321,Liverpool,GB,2022-10-05 22:12:43,53.4106,-2.9779,54.28,80,75,14.97
322,Thinadhoo,MV,2022-10-05 22:12:43,0.5333,72.9333,82.18,74,100,19.42
323,Shenjiamen,CN,2022-10-05 22:12:43,29.9576,122.298,66.49,77,100,14.88
324,Saint-Francois,FR,2022-10-05 22:12:06,46.4154,3.9054,54.84,88,0,3.44
325,Talaya,RU,2022-10-05 22:12:44,61.3833,152.75,13.46,91,100,5.64
326,Lake City,US,2022-10-05 22:12:24,30.1897,-82.6393,80.78,36,0,4.61
327,Honningsvag,NO,2022-10-05 22:12:45,70.9821,25.9704,44.35,76,100,17.27
328,Cartagena,CO,2022-10-05 22:09:38,10.3997,-75.5144,83.82,74,40,6.91
329,Siuna,NI,2022-10-05 22:12:45,13.7332,-84.7773,77.9,94,97,3.78
330,Bartlesville,US,2022-10-05 22:11:26,36.7473,-95.9808,83.01,36,75,4.0
331,Champerico,GT,2022-10-05 22:12:46,14.3,-91.9167,90.14,73,100,4.59
332,Muros,ES,2022-10-05 22:12:46,42.7762,-9.0603,66.09,81,99,14.92
333,Zhangye,CN,2022-10-05 22:08:43,38.9342,100.4517,44.74,41,9,5.08
334,Gravdal,NO,2022-10-05 22:12:47,68.1214,13.5031,48.38,73,100,20.2
335,Baghdad,IQ,2022-10-05 22:10:10,33.3406,44.4009,78.71,31,0,3.44
336,Rocha,UY,2022-10-05 22:08:30,-34.4833,-54.3333,58.21,77,64,11.25
337,Formosa Do Rio Preto,BR,2022-10-05 22:12:48,-11.0483,-45.1931,85.78,23,5,3.11
338,Sweetwater,US,2022-10-05 22:12:48,25.7634,-80.3731,82.99,67,75,10.36
339,Carballo,ES,2022-10-05 22:12:49,43.213,-8.691,63.07,93,100,10.69
340,Avera,US,2022-10-05 22:12:49,33.194,-82.5271,80.55,27,1,3.8
341,Iguape,BR,2022-10-05 22:12:50,-24.7081,-47.5553,67.37,91,84,9.89
342,Ca Mau,VN,2022-10-05 22:10:51,9.1769,105.15,75.0,96,100,4.38
343,Tiznit,MA,2022-10-05 22:12:50,29.5833,-9.5,71.46,53,31,1.59
344,Nelson Bay,AU,2022-10-05 22:12:51,-32.7167,152.15,62.11,96,100,14.0
345,Beyneu,KZ,2022-10-05 22:12:51,45.3167,55.2,54.9,37,82,13.51
346,Inhambane,MZ,2022-10-05 22:12:51,-23.865,35.3833,71.28,91,0,9.17
347,Kovernino,RU,2022-10-05 22:12:52,57.1253,43.8142,43.93,92,94,4.07
348,Narasannapeta,IN,2022-10-05 22:09:09,18.4167,84.05,77.95,90,100,6.4
349,Torbay,CA,2022-10-05 22:11:18,47.6666,-52.7314,55.27,72,12,3.0
350,Dhone,IN,2022-10-05 22:12:53,15.4167,77.8833,71.29,96,100,9.08
351,Marigot,MF,2022-10-05 22:12:53,18.0667,-63.0833,84.29,74,20,11.5
352,Smidovich,RU,2022-10-05 22:12:54,48.6,133.8167,32.72,59,2,11.61
353,Vila,PT,2022-10-05 22:12:54,42.0304,-8.1588,55.71,86,55,5.37
354,Raudeberg,NO,2022-10-05 22:12:54,61.9875,5.1352,50.67,56,51,31.74
355,Hay River,CA,2022-10-05 22:12:55,60.8156,-115.7999,49.78,44,2,10.2
356,Chipinge,ZW,2022-10-05 22:12:55,-20.1883,32.6236,61.66,81,0,4.97
357,Ailigandi,PA,2022-10-05 22:12:56,9.2333,-78.0167,82.11,81,100,5.26
358,Broome,US,2022-10-05 22:09:32,42.2506,-75.833,63.37,58,26,1.99
359,Flinders,AU,2022-10-05 22:12:56,-34.5833,150.8552,59.38,94,100,3.0
360,Hearst,CA,2022-10-05 22:12:57,49.6835,-83.6665,57.07,93,98,5.32
361,Krutikha,RU,2022-10-05 22:12:57,53.9599,81.2093,45.07,97,100,2.66
362,Bonthe,SL,2022-10-05 22:13:58,7.5264,-12.505,77.81,88,100,2.84
363,Montrose,US,2022-10-05 22:10:17,38.4166,-108.2673,63.81,32,11,8.25
364,Ribas Do Rio Pardo,BR,2022-10-05 22:13:58,-20.4431,-53.7592,77.74,65,29,5.91
365,Paita,PE,2022-10-05 22:13:59,-5.0892,-81.1144,65.75,76,9,19.53
366,Kommunar,RU,2022-10-05 22:13:59,59.6206,30.39,47.73,97,100,7.07
367,Satipo,PE,2022-10-05 22:13:59,-11.2522,-74.6386,79.5,71,85,2.8
368,Moerai,PF,2022-10-05 22:14:00,-22.4333,-151.3333,72.93,62,85,17.87
369,Fomboni,KM,2022-10-05 22:14:00,-12.28,43.7425,75.99,75,1,5.68
370,Nishihara,JP,2022-10-05 22:14:01,26.1842,127.7558,78.08,83,20,12.66
371,Lata,PT,2022-10-05 22:14:01,40.1629,-8.3327,63.81,87,9,1.3
372,Puksoozero,RU,2022-10-05 22:14:01,62.5903,40.6066,45.88,96,100,2.21
373,Vitim,RU,2022-10-05 22:14:02,59.4511,112.5578,27.79,77,99,6.82
374,Guerrero Negro,MX,2022-10-05 22:14:02,27.9769,-114.0611,76.06,62,3,11.18
375,Semey,KZ,2022-10-05 22:14:03,50.4111,80.2275,41.59,42,34,4.63
376,Port Blair,IN,2022-10-05 22:10:01,11.6667,92.75,79.92,83,98,10.51
377,Alofi,NU,2022-10-05 22:14:04,-19.0595,-169.9187,84.09,65,75,11.5
378,Baker City,US,2022-10-05 22:14:04,44.7749,-117.8344,80.6,25,0,4.61
379,Snyder,US,2022-10-05 22:14:04,32.7179,-100.9176,85.32,24,40,4.61
380,Perth,AU,2022-10-05 22:11:18,-31.9333,115.8333,51.04,86,75,6.91
381,Amahai,ID,2022-10-05 22:14:05,-3.3333,128.9167,78.12,84,75,2.95
382,Borzya,RU,2022-10-05 22:14:06,50.3833,116.5167,21.83,69,39,2.1
383,Luanda,AO,2022-10-05 22:14:06,-8.8368,13.2343,74.07,83,37,7.72
384,Harper,LR,2022-10-05 22:14:06,4.375,-7.7169,76.41,91,99,6.69
385,Oranjemund,NA,2022-10-05 22:14:07,-28.55,16.4333,55.29,91,18,10.8
386,Najran,SA,2022-10-05 22:14:07,17.4924,44.1277,72.9,26,81,2.98
387,Manakara,MG,2022-10-05 22:14:08,-22.1333,48.0167,66.69,94,8,7.09
388,Pevek,RU,2022-10-05 22:14:08,69.7008,170.3133,29.98,87,100,9.22
389,Kapit,MY,2022-10-05 22:09:21,2.0167,112.9333,72.66,100,96,0.45
390,Zaria,NG,2022-10-05 22:14:09,11.1113,7.7227,71.47,82,83,4.07
391,Bosaso,SO,2022-10-05 22:14:09,11.2842,49.1816,84.96,58,55,2.15
392,Souillac,MU,2022-10-05 22:14:10,-20.5167,57.5167,70.61,68,87,12.59
393,Mitsamiouli,KM,2022-10-05 22:14:10,-11.3847,43.2844,74.86,78,2,2.86
394,Gobabis,NA,2022-10-05 22:14:10,-22.45,18.9667,77.95,10,97,9.1
395,Sorgun,TR,2022-10-05 22:14:11,39.8101,35.186,51.24,82,80,14.81
396,Borova,UA,2022-10-05 22:14:11,50.1763,30.1043,52.25,83,100,7.49
397,Te Anau,NZ,2022-10-05 22:14:11,-45.4167,167.7167,38.21,73,93,0.27
398,Tombouctou,ML,2022-10-05 22:14:12,20.0,-3.0,96.76,18,95,6.67
399,Lundazi,ZM,2022-10-05 22:14:12,-12.2929,33.1782,69.04,38,34,9.71
400,Westerland,DE,2022-10-05 22:14:13,54.9079,8.3033,58.01,94,100,23.02
401,Kenai,US,2022-10-05 22:14:13,60.5544,-151.2583,55.09,62,100,23.02
402,Prado,BR,2022-10-05 22:14:14,-17.3411,-39.2208,76.15,79,70,13.09
403,Pachino,IT,2022-10-05 22:14:14,36.7186,15.0907,69.19,62,18,4.81
404,Pontianak,ID,2022-10-05 22:14:15,-0.0333,109.3333,75.18,94,100,3.44
405,Jibuti,DJ,2022-10-05 22:14:15,11.5,42.5,80.29,60,30,7.16
406,Kabo,CF,2022-10-05 22:14:15,7.6994,18.629,71.85,93,97,2.04
407,Agadez,NE,2022-10-05 22:14:16,19.75,10.25,84.49,21,5,11.39
408,Puerto Del Rosario,ES,2022-10-05 22:14:16,28.5004,-13.8627,74.95,69,0,11.5
409,Rio Gallegos,AR,2022-10-05 22:09:54,-51.6226,-69.2181,50.45,47,98,14.0
410,Paraiso,CR,2022-10-05 22:15:17,9.8383,-83.8656,72.16,88,98,2.86
411,Phalombe,MW,2022-10-05 22:15:17,-15.8064,35.6507,73.78,31,0,4.79
412,Bereda,ES,2022-10-05 22:15:18,43.2686,-7.5406,61.41,100,100,7.23
413,Abu Samrah,SY,2022-10-05 22:15:19,35.3029,37.1841,70.9,50,1,4.83
414,Ziro,IN,2022-10-05 22:15:19,27.6333,93.8333,56.97,99,97,1.1
415,Merauke,ID,2022-10-05 22:15:19,-8.4667,140.3333,79.63,85,100,12.37
416,Cajati,BR,2022-10-05 22:11:08,-24.7361,-48.1228,65.28,97,86,2.3
417,Tsumeb,NA,2022-10-05 22:15:20,-19.2333,17.7167,81.73,12,11,9.24
418,Beringovskiy,RU,2022-10-05 22:15:21,63.05,179.3167,44.82,92,100,22.5
419,Baykit,RU,2022-10-05 22:15:21,61.67,96.37,29.73,98,100,3.09
420,Shubarshi,KZ,2022-10-05 22:15:21,48.5872,57.1869,50.09,24,99,9.82
421,Rio Grande,BR,2022-10-05 22:15:22,-32.035,-52.0986,62.71,82,77,16.49
422,Sao Jose Da Coroa Grande,BR,2022-10-05 22:15:22,-8.8978,-35.1478,76.66,87,13,8.55
423,Aksarka,RU,2022-10-05 22:15:23,66.5606,67.7975,36.75,85,97,9.08
424,Hailar,CN,2022-10-05 22:15:23,49.2,119.7,24.04,69,41,6.89
425,Envira,BR,2022-10-05 22:15:24,-7.3,-70.2167,86.92,56,69,2.75
426,Nalut,LY,2022-10-05 22:15:24,30.3333,10.85,72.48,49,0,14.03
427,Mersing,MY,2022-10-05 22:15:24,2.4312,103.8405,75.11,94,40,5.75
428,Clifton,US,2022-10-05 22:14:48,40.8584,-74.1638,60.82,92,100,5.75
429,Dourados,BR,2022-10-05 22:15:25,-22.2211,-54.8056,71.49,84,45,12.21
430,Miandrivazo,MG,2022-10-05 22:15:26,-19.5167,45.4667,75.85,76,0,3.89
431,Banamba,ML,2022-10-05 22:15:26,13.55,-7.45,77.47,68,20,6.62
432,Kosonsoy,UZ,2022-10-05 22:15:27,41.2561,71.5508,48.76,28,100,4.41
433,Sioux Lookout,CA,2022-10-05 22:15:27,50.1001,-91.917,51.87,93,75,6.91
434,Cidreira,BR,2022-10-05 22:15:27,-30.1811,-50.2056,63.36,79,68,19.26
435,Pisco,PE,2022-10-05 22:15:28,-13.7,-76.2167,64.45,68,0,13.8
436,Bodden Town,KY,2022-10-05 22:15:28,19.2833,-81.25,84.99,69,75,8.05
437,Jingdezhen,CN,2022-10-05 22:15:29,29.2947,117.2079,59.95,94,100,3.22
438,Lambarene,GA,2022-10-05 22:15:29,-0.7001,10.2406,75.34,88,95,5.21
439,Tilichiki,RU,2022-10-05 22:15:10,60.4667,166.1,35.51,79,17,16.44
440,Hami,CN,2022-10-05 22:15:30,42.8,93.45,51.42,35,0,6.24
441,Dera Ismail Khan,PK,2022-10-05 22:15:30,31.8327,70.9024,83.28,25,0,6.46
442,South Lake Tahoe,US,2022-10-05 22:15:30,38.9332,-119.9844,76.86,22,0,5.01
443,Saint-Louis,SN,2022-10-05 22:11:37,16.3333,-15.0,89.28,50,8,15.73
444,Mykolayiv,UA,2022-10-05 22:15:31,46.9659,31.9974,55.9,57,100,4.25
445,Asfi,MA,2022-10-05 22:15:32,32.2994,-9.2372,69.13,83,73,12.59
446,Vero Beach,US,2022-10-05 22:11:14,27.6386,-80.3973,80.04,61,0,10.36
447,Half Moon Bay,US,2022-10-05 22:15:32,37.4636,-122.4286,88.59,67,0,11.5
448,Dingle,PH,2022-10-05 22:15:32,10.9995,122.6711,76.78,90,100,5.91
449,Neryungri,RU,2022-10-05 22:15:33,56.6709,124.6491,22.71,90,100,10.96
450,Linares,CL,2022-10-05 22:15:33,-35.85,-71.6,61.25,61,20,5.28
451,Romitan,UZ,2022-10-05 22:15:34,39.9343,64.3814,51.75,46,0,11.5
452,Chifeng,CN,2022-10-05 22:15:34,42.2683,118.9636,34.56,33,99,1.9
453,Bilma,NE,2022-10-05 22:15:35,18.6853,12.9164,90.32,18,25,7.74
454,Asau,RO,2022-10-05 22:15:35,46.4333,26.4,43.72,81,98,6.33
455,Kualakapuas,ID,2022-10-05 22:15:35,-3.0091,114.3876,73.33,97,98,2.51
456,Eirunepe,BR,2022-10-05 22:16:36,-6.6603,-69.8736,83.08,64,75,1.66
457,Quimper,FR,2022-10-05 22:16:36,48.0,-4.1,55.96,93,75,4.61
458,Kefalos,GR,2022-10-05 22:16:37,36.7453,26.9589,70.02,56,0,17.27
459,Bukan,IR,2022-10-05 22:16:37,36.521,46.2089,65.82,22,0,3.87
460,Yerbogachen,RU,2022-10-05 22:16:38,61.2767,108.0108,26.29,84,57,4.25
461,Chateau-Thierry,FR,2022-10-05 22:16:38,49.05,3.4,58.35,84,71,11.23
462,Sisimiut,GL,2022-10-05 22:16:38,66.9395,-53.6735,29.62,85,38,6.42
463,Chicama,PE,2022-10-05 22:16:39,-7.8447,-79.1469,59.54,68,94,9.26
464,Myaundzha,RU,2022-10-05 22:16:39,63.0494,147.1858,13.95,77,100,5.79
465,Srednekolymsk,RU,2022-10-05 22:16:40,67.45,153.6833,20.84,91,100,23.42
466,Vadso,NO,2022-10-05 22:16:40,70.0744,29.7487,42.96,75,75,10.36
467,Karangampel,ID,2022-10-05 22:16:40,-6.4622,108.4519,79.3,76,98,6.44
468,Santo Domingo,DO,2022-10-05 22:15:42,18.5001,-69.9886,81.03,92,75,5.75
469,Erzin,TR,2022-10-05 22:16:41,36.9559,36.2,69.39,81,25,2.13
470,Urumqi,CN,2022-10-05 22:14:29,43.801,87.6005,43.75,57,0,2.24
471,Trairi,BR,2022-10-05 22:12:49,-3.2778,-39.2689,78.53,84,37,12.35
472,Sumbe,AO,2022-10-05 22:16:42,-11.2061,13.8437,73.63,85,68,9.19
473,Lavumisa,SZ,2022-10-05 22:16:42,-27.31,31.892,69.3,91,54,2.71
474,Galashki,RU,2022-10-05 22:16:43,43.1136,44.9894,58.15,80,100,3.49
475,Hienghene,NC,2022-10-05 22:16:43,-20.6833,164.9333,73.94,55,83,9.55
476,Moose Factory,CA,2022-10-05 22:16:44,51.2585,-80.6094,48.2,100,100,6.91
477,Shunyi,CN,2022-10-05 22:16:44,40.125,116.6453,35.55,93,0,4.47
478,Kifri,IQ,2022-10-05 22:16:45,34.6959,44.9661,87.06,14,0,6.89
479,Launceston,AU,2022-10-05 22:14:49,-41.45,147.1667,54.16,73,100,10.36
480,Krasnoye,UA,2022-10-05 22:16:45,49.9145,24.6134,47.01,80,98,7.23
481,Vilyuysk,RU,2022-10-05 22:16:46,63.7553,121.6247,28.96,97,100,5.59
482,Gornopravdinsk,RU,2022-10-05 22:16:46,60.05,69.9,43.45,97,100,6.69
483,Grajau,BR,2022-10-05 22:16:46,-5.8194,-46.1386,90.1,30,45,3.27
484,Honiara,SB,2022-10-05 22:16:47,-9.4333,159.95,83.79,62,100,6.51
485,Bismil,TR,2022-10-05 22:16:47,37.8486,40.6658,67.73,29,97,0.63
486,Jurm,AF,2022-10-05 22:16:48,36.8648,70.8342,48.85,50,2,1.19
487,Nicoya,CR,2022-10-05 22:16:48,10.1483,-85.452,80.2,86,89,0.31
488,Lagoa,PT,2022-10-05 22:16:48,39.05,-27.9833,69.04,84,100,18.99
489,Labuhan,ID,2022-10-05 22:16:49,-6.8844,112.2051,77.11,85,100,11.65
490,Kropotkin,RU,2022-10-05 22:16:50,45.4375,40.5756,57.36,64,94,4.99
491,Ihosy,MG,2022-10-05 22:16:50,-22.4,46.1167,65.17,75,0,6.67
492,Fairbanks,US,2022-10-05 22:15:36,64.8378,-147.7164,40.08,75,75,5.75
493,Inuvik,CA,2022-10-05 22:16:51,68.3499,-133.7218,36.46,87,100,10.36
494,Veraval,IN,2022-10-05 22:16:51,20.9,70.3667,80.01,77,62,14.27
495,Boa Vista,BR,2022-10-05 22:12:47,2.8197,-60.6733,82.38,65,75,8.05
496,Mgandu,TZ,2022-10-05 22:16:52,-5.95,34.1333,65.97,44,8,10.6
497,Nelidovo,RU,2022-10-05 22:16:52,56.2211,32.7774,46.24,98,100,6.17
498,Luau,AO,2022-10-05 22:16:52,-10.7073,22.2247,70.95,60,99,3.91
499,Grand-Bourg,GP,2022-10-05 22:16:53,15.8835,-61.3148,82.6,76,89,20.22
500,Daru,PG,2022-10-05 22:16:53,-9.0763,143.2092,80.74,87,97,15.75
501,Ciudad Bolivar,VE,2022-10-05 22:16:54,8.1222,-63.5497,83.37,71,83,4.81
502,Westport,US,2022-10-05 22:15:21,41.1415,-73.3579,61.29,90,100,10.36
503,Nordby,DK,2022-10-05 22:17:54,55.446,8.3979,55.63,93,75,17.27
504,Tucano,BR,2022-10-05 22:17:55,-10.9631,-38.7867,80.02,52,10,14.5
505,Buchanan,LR,2022-10-05 22:17:55,5.8808,-10.0467,76.6,90,94,5.32
506,Balassagyarmat,HU,2022-10-05 22:17:56,48.073,19.2961,51.19,75,99,2.46
507,Orange Walk,BZ,2022-10-05 22:17:56,17.8333,-88.8333,80.1,86,43,5.75
508,Santona,ES,2022-10-05 22:17:56,43.4439,-3.4576,66.51,84,34,4.61
509,Chivilcoy,AR,2022-10-05 22:17:57,-34.8957,-60.0167,68.5,33,100,7.65
510,Sumoto,JP,2022-10-05 22:17:57,34.35,134.9,66.24,78,100,18.57
511,Kampong Thum,KH,2022-10-05 22:17:58,12.7111,104.8887,72.19,94,100,3.2
512,Kulunda,RU,2022-10-05 22:17:58,52.566,78.9385,46.31,80,97,8.08
513,Sakakah,SA,2022-10-05 22:17:59,29.9697,40.2064,85.57,15,21,11.54
514,Touros,BR,2022-10-05 22:17:59,-5.1989,-35.4608,77.72,85,0,12.68
515,North Platte,US,2022-10-05 22:17:06,41.1239,-100.7654,75.11,38,20,11.01
516,Nome,US,2022-10-05 22:18:00,64.5011,-165.4064,40.15,81,40,11.5
517,Bansko,BG,2022-10-05 22:18:00,41.8383,23.4885,45.45,67,99,2.53
518,Ancud,CL,2022-10-05 22:18:01,-41.8697,-73.8203,48.47,94,100,26.24
519,Traverse City,US,2022-10-05 22:18:01,44.7631,-85.6206,73.47,49,75,8.05
520,Bandarbeyla,SO,2022-10-05 22:18:02,9.4942,50.8122,77.07,83,67,22.53
521,Zhaozhou,CN,2022-10-05 22:18:02,45.6833,125.3167,31.55,45,4,7.05
522,Gat,IL,2022-10-05 22:18:02,31.61,34.7642,74.39,100,0,4.74
523,Skeldon,GY,2022-10-05 22:18:03,5.8833,-57.1333,80.02,80,98,7.65
524,Dongli,CN,2022-10-05 22:18:03,23.5656,116.8194,73.38,88,20,0.0
525,Athabasca,CA,2022-10-05 22:18:04,54.7169,-113.2854,52.21,46,99,8.81
526,Ermoupolis,GR,2022-10-05 22:18:04,37.4423,24.9425,68.7,49,0,27.63
527,Puerto Escondido,MX,2022-10-05 22:17:34,15.85,-97.0667,86.83,58,20,4.61
528,Pismo Beach,US,2022-10-05 22:18:05,35.1428,-120.6413,89.29,57,0,11.5
529,Mumford,GH,2022-10-05 22:17:06,5.2618,-0.759,76.35,92,43,9.91
530,Port Hawkesbury,CA,2022-10-05 22:18:05,45.6169,-61.3485,57.58,91,100,8.01
531,Viedma,AR,2022-10-05 22:13:09,-40.8135,-62.9967,66.96,38,22,13.15
532,La Macarena,CO,2022-10-05 22:18:06,2.1837,-73.7849,82.35,75,100,3.22
533,Kuldur,RU,2022-10-05 22:18:07,49.2167,131.6333,27.93,64,46,7.83
534,Oriximina,BR,2022-10-05 22:18:07,-1.7656,-55.8661,87.37,48,86,2.44
535,Kalmunai,LK,2022-10-05 22:18:07,7.4167,81.8167,78.12,81,98,5.21
536,Ust-Kalmanka,RU,2022-10-05 22:18:08,52.1207,83.305,45.37,49,100,12.28
537,Tahta,EG,2022-10-05 22:18:08,26.7693,31.5021,79.52,33,0,7.92
538,Borskoye,RU,2022-10-05 22:18:09,53.0333,51.7167,50.04,62,100,3.04
539,Vilhena,BR,2022-10-05 22:18:09,-12.7406,-60.1458,80.82,65,40,3.44
540,Isa Khel,AF,2022-10-05 22:18:09,36.6702,68.8443,63.14,20,0,4.34
541,Nanakuli,US,2022-10-05 22:18:10,21.3906,-158.1547,87.75,60,75,6.91
542,Sao Joao Da Barra,BR,2022-10-05 22:18:11,-21.6403,-41.0511,73.49,89,48,10.45
543,Watsa,CD,2022-10-05 22:18:11,3.0372,29.5355,63.43,98,93,2.73
544,Hasaki,JP,2022-10-05 22:18:11,35.7333,140.8333,61.29,72,100,25.05
545,Takoradi,GH,2022-10-05 22:15:41,4.8845,-1.7554,75.63,92,9,7.23
546,Puerto Cabezas,NI,2022-10-05 22:18:12,14.0351,-83.3888,84.16,84,40,6.91
547,Kahului,US,2022-10-05 22:18:12,20.8947,-156.47,89.62,64,40,18.41
548,Koumac,NC,2022-10-05 22:18:13,-20.5667,164.2833,74.98,57,74,4.63
549,Dawei,MM,2022-10-05 22:19:13,14.0833,98.2,75.09,92,59,3.22
550,Tomra,NO,2022-10-05 22:19:14,62.5833,6.9333,51.78,84,88,8.93
551,Vanavara,RU,2022-10-05 22:19:14,60.34,102.2797,26.69,83,52,3.15
552,Naberera,TZ,2022-10-05 22:19:14,-4.2,36.9333,59.54,88,21,11.74
553,Cherskiy,RU,2022-10-05 22:19:15,68.75,161.3,24.48,95,100,12.84
554,Mago,RU,2022-10-05 22:19:16,53.2514,140.1822,30.61,55,52,8.28
555,Buncrana,IE,2022-10-05 22:19:16,55.1333,-7.45,51.57,79,32,18.7
556,Monrovia,LR,2022-10-05 22:15:00,6.3005,-10.7969,76.77,88,87,5.12
557,Soyo,AO,2022-10-05 22:16:22,-6.1349,12.3689,75.65,87,90,9.64
558,Isangel,VU,2022-10-05 22:19:17,-19.55,169.2667,78.91,83,75,4.61
559,Farah,AF,2022-10-05 22:19:17,32.5,62.5,62.92,18,0,4.29
560,Henties Bay,NA,2022-10-05 22:19:18,-22.116,14.2845,54.16,94,10,6.42
561,Kajaani,FI,2022-10-05 22:19:18,64.2273,27.7285,46.45,100,100,11.5
562,Kailua,US,2022-10-05 22:19:19,21.4022,-157.7394,87.78,73,61,1.01
563,Banjarmasin,ID,2022-10-05 22:19:19,-3.3244,114.591,75.34,94,57,3.0
564,Atar,MR,2022-10-05 22:19:20,20.5169,-13.0499,95.05,15,35,11.79
